{
    "additionalProperties": "true",
    "vulnerabilities": [{
            "category": "sast",
            "name": "",
            "location": {
                "start_line": 23,
                "end_line": 25,
                "file": "/test.py"
            },
            "severity": "High",
            "message": "Failure to Handle Missing Parameter",
            "identifiers": [{
                    "type": "cwe",
                    "name": "CWE-234",
                    "value": "234"
                }
            ],
            "id": "12345",
            "description": "If too few arguments are sent to a function, the function will still pop the expected number of arguments from the stack. Potentially, a variable number of arguments could be exhausted in a function as well."
        }
    ],
    "version": "15.0.4",
    "scan": {
        "analyzer": {
            "id": "xyz_sec",
            "name": "XYZ Security SAST",
            "version": "0.1",
            "vendor": {
                "name": "XYZ Security SAST"
            }
        },
        "status": "success",
        "start_time": "2023-01-09T03:26:02",
        "type": "sast",
        "scanner": {
            "url": "https://xyzvendor.com",
            "version": "0.1",
            "vendor": {
                "name": "XYZ Security"
            },
            "id": "xyz_sec",
            "name": "XYZ Security SAST"
        },
        "end_time": "2023-01-09T03:26:52"
    }
}